file_id,cdr_lenth,psh,ppc,pnc,SFvCSP
Abagovomab,46,182.14333101714737,0.15115153741805593,0.40865868910506264,6.510000000000001
Abciximab,45,202.39433399912883,0.06196654106936289,0.02668743457863094,2.9
Abelacimab,53,224.70463707372738,0.05190505696290224,0.0,2
Abituzumab,45,178.77289322862157,0.10312321139391055,0.0,-3.1
Abrezekimab,47,189.7505152019215,0.030711640629081795,1.624757061332796,1.2100000000000002
Abrilumab,46,176.4191220722915,0.0,0.8880478042075534,-8.0
Acapatamab,48,186.96608938993052,0.11510413766441745,0.475269782659391,-1.1
Acasunlimab,50,197.01831730728753,0.05554307399917515,0.0415578283698571,-0.9900000000000001
Acrixolimab,48,227.77326893976496,0.5458758359616163,2.1153107032982517,-15.6
Actoxumab,50,225.5748677303139,0.0,0.0708092549341913,-2.0
Adalimumab,48,191.28529772270198,0.06356114586211846,1.4130068931170392,-11.6
Adebrelimab,50,194.91350000877398,0.00045122319137210523,1.8468047472269071,-3.6
Adecatumumab,54,182.4304722294863,0.15293942169182587,0.14005376043413498,-3.0
Adintrevimab,57,208.00633849202933,0.023172661061792724,1.1225550715654011,-0.1
Aducanumab,51,210.1755543189773,3.0929893175949448,0.0,21.0
Afasevikumab,51,202.28910309360475,0.10888245064933254,1.3498184357587217,2.0
Alacizumab,44,201.64409598739968,0.05439832575413259,1.1281961552162016,-3
Alemtuzumab,49,203.5979039843222,0.36329832016589436,0.2107481962167297,16.81
Alirocumab,51,204.35917154001368,0.09864624409369302,0.0,0.0
Alnuctamab,45,181.23666734316907,0.027044595640782963,1.2540550284713936,-0.0
Alomfilimab,52,230.0466548406356,0.05299452454116664,1.2195776255194763,-1.9
Alsevalimab,47,183.56039164122728,0.0,0.0,8.4
Amatuximab,45,192.399033560337,1.3320033910324607,0.18430017286868863,4.41
Amivantamab,52,194.19476007357116,0.13395149156336145,1.3196417091778054,3.0
Amlitelimab,54,218.32823933780148,0.08584644550698083,0.0,-4.5
Amubarvimab,44,224.3367814938686,0.0444582295349956,0.025486804771754745,1.0
Anbenitamab,47,183.2757799293192,0.1375581657430848,0.0,3.1
Andecaliximab,42,211.30525626203467,0.0,0.0,6.0
Anetumab,52,207.5419606058204,0.18707020714390044,0.35057804697856026,0.0
Anifrolumab,45,212.94407374806696,0.040441441466335916,0.4370988413107164,0.10000000000000009
Anivovetmab,49,207.230157061678,0.025071586929503082,0.39058612229896095,0.0
Anrukinzumab,50,204.06167211479635,0.04792319473921659,2.001750423352299,-2.0
Anselamimab,43,201.81998191233276,0.20709963174287607,0.0,-4.2
Ansuvimab,46,234.1359755158158,0.052206477475928145,0.19317679866856707,-2.2
Anumigilimab,45,227.11794078866325,0.07334988181582637,0.0,0
Anvatabart,48,184.4191876666871,0.5241544613665219,0.0,6.2
Anzurstobart,47,195.59923178416636,0.0,0.0,9
Apamistamab,52,186.93720151061592,0.1375241594435746,0.0,10.5
Apitegromab,56,219.75008164342617,0.2450381034867342,0.02035470999507941,-4.1
Aprutumab,53,270.6048098115785,0.007375796910615947,0.10239953979012817,0.0
Arcitumomab,47,185.32835868380602,0.20698927476209444,0.0,20.0
Ascrinvacumab,46,198.38323918753622,0.0,0.0,6.2
Aselizumab,48,200.54019201903733,0.0,2.157882998463763,3
Astegolimab,48,184.72626046499454,0.05301196196098683,1.4527302983174262,-3.0
Atezolizumab,45,201.88316439863752,0.12561198416424627,0.0,2.3100000000000005
Atibuclimab,46,203.6130669081516,0.04611576646290967,1.802787309921814,-1.0
Atidortoxumab,46,199.7097992228538,0.0,0.0,8.4
Atinumab,41,179.66728038935565,0.1625549704182123,0.18789393363982623,0
Atisnolerbart,49,184.95207435333452,0.0,0.0,4.2
Atoltivimab,44,204.18583247632984,0.0269105983100652,0.1615629735616592,0.30000000000000027
Avdoralimab,51,227.2083478652574,0.33761017104821384,0.022334074481344206,6.0
Avelumab,51,211.41404568006166,0.0,0.0,0.20000000000000018
Avizakimab,43,187.12133672163162,0.04173583923266089,0.41993315261689,0.0
Axatilimab,54,178.21399106516253,0.025967781933401258,2.0383462316983456,-9
Azintuxizumab,51,231.32372597913502,0.1531383897679609,0.0943224883643618,0.0
Bafisontamab,46,189.30119757378833,0.0,0.19824832778521295,-1.8900000000000001
Balstilimab,40,188.8189225106878,0.08281666524679361,0.04235508623525158,0.8000000000000004
Bamlanivimab,53,223.1694209900754,0.0,0.0,8.4
Bapineuzumab,52,229.67040853570234,1.1068734825820084,0.6196313437992769,4.41
Bapotulimab,52,218.43870541228074,0.019248712438612384,0.0,2
Barecetamab,52,202.6956513663381,0.1649625196512165,0.4185866948889232,-4.29
Barzolvolimab,43,162.26519299539535,0.02357045251921445,0.0,12
Basiliximab,41,183.10471690999984,0.5566347792428215,0.0,5.5
Batoclimab,50,234.24031638530698,0.004141740711348963,1.5245450748740508,-5.89
Bavituximab,47,259.28911007788645,0.03852731096700211,0.0,-1.2000000000000002
Bavunalimab,52,230.5124249635886,0.03503317467505978,4.08999659437327,7.6
Bebtelovimab,49,221.70918080578545,0.055692289036106415,0.33116893692274496,-6.08
Becotatug,46,175.07923886945065,0.0,0.3317628953901034,1.0
Bedinvetmab,56,212.9587545521278,0.11257890707064383,0.04707527510688202,0.8099999999999999
Befovacimab,44,191.660993464733,1.0047806964855897,0.1297093181276875,-5.0
Begelomab,46,230.77162982598645,0.10476450516582313,0.0,12
Belantamab,48,196.6417293804884,0.6290386657533732,0.07004312326780256,0.11000000000000011
Belimumab,52,226.665989062195,0.19646139797057272,0.818147715217245,-0.3799999999999999
Belrestotug,50,198.62307029240463,0.024019996589956544,0.0,2.2
Beludavimab,54,168.12080347140937,0.0,0.0,0.0
Bemarituzumab,41,171.6362582629111,0.048256899404868686,0.07168968657264048,3.1
Bempikibart,50,200.9096758018888,0.0,1.1436482744689433,0.29999999999999993
Benralizumab,48,224.18394811493067,0.03213837275748747,1.236641442213567,5.5
Bentracimab,60,257.3307363125202,1.1203042240106853,0.20494680253328013,-3.8
Benufutamab,45,147.79691557638057,0.6215402964173824,0.03760602260674153,0.0
Bepranemab,50,210.31762125152366,0.13377742631378556,0.1627732706948711,-0.08999999999999998
Berlimatoxumab,46,189.53055012491552,0.04459000784845259,0.5129931280020864,10.2
Bermekimab,49,225.45661250682159,0.1368306654106584,0.15055194389825205,6.510000000000001
Bersanlimab,49,208.03751323430936,0.16234604542328956,0.39978625911404647,0.0
Betifisolimab,50,215.77997664278064,0.023106931203759822,0.6836576327865985,3.0
Bevacizumab,51,195.68036189312494,0.005155917891439117,0.05630038439089093,1.2100000000000002
Bexmarilimab,50,201.30735434513699,0.13825449787119337,0.0,8.2
Bezlotoxumab,48,240.59955205209639,0.0,0.0,4
Bifikafusp,45,214.50585312598076,0.0,0.0,0
Bimagrumab,47,229.1697084829318,1.123420380925833,0.0,9.3
Bimekizumab,53,183.27993535137892,0.04580205859690052,1.1858724529505258,1.1
Bintrafusp,51,201.4619219790381,0.025750884063485715,0.0,0.30000000000000027
Birtamimab,52,235.58240504352995,0.0680929087605035,0.0,3.2
Bleselumab,47,193.67210927604503,0.06080252295636658,0.15823374987276903,10.2
Blinatumomab,55,195.29604023728575,0.0,3.6663898031867905,-0.0
Blontuvetmab,46,181.9842755512601,0.0,0.6209872748135434,-4.29
Blosozumab,45,181.07760613172036,0.0,2.804844485816253,-10.5
Bococizumab,45,236.30011678153397,0.09079334583832842,0.0,12.0
Boserolimab,42,195.97392980653495,0.8527567202216237,0.11444975380023528,-2.0
Botensilimab,46,235.58167228453277,0.0,0.0,3
Brazikumab,56,232.17593680019024,0.07174274423502852,0.13548281649927335,0.0
Bremzalerbart,43,192.6819766020971,0.0,0.0,4
Brentuximab,48,197.93349966482012,0.0,2.064901457475088,-4.9
Briakinumab,47,185.62650823083052,0.40985086499517176,0.0,5.720000000000001
Briquilimab,48,195.00988914008647,0.03781223319411018,1.713667281320236,-10.0
Brodalumab,43,171.065829319263,0.06147842034764243,0.0,5
Brolucizumab,50,185.60543260378725,0.0,1.8915932119438643,-0.48999999999999994
Brontictuzumab,51,212.42228225148259,0.30930819018518657,0.1571751835756689,4.2
Budigalimab,51,219.9721772010077,0.029960753658728113,0.16488149236839808,-5.069999999999999
Burfiralimab,45,193.72858301430955,0.04628188580636178,0.28810042101223277,-2.0
Burosumab,43,187.8331182833183,0.019639911912417138,0.060140614837221495,1.1
Cabiralizumab,53,218.51269471067434,0.018693082692214584,2.3943960058539187,-0.0
Cadonilimab,42,174.57275865865319,0.3594054968126476,1.4115606352010885,6
Calpurbatug,47,189.77804691949024,0.28131156605012353,0.0,-9.5
Camidanlumab,42,171.56916660027235,0.19066818460661394,0.0,6
Camoteskimab,53,196.27370894728244,0.02049302839828124,0.0,2.4
Camrelizumab,44,226.42708481742253,0.05223862976874062,0.0,0
Canakinumab,45,197.68029140858164,0.08086922400593752,0.4916246213464639,0.0
Cantuzumab,51,248.7859524850446,0.3353005673687281,0.5300169001242886,-2.4000000000000004
Carlumab,48,231.231819170556,0.01933966417108673,1.891228619810851,-0.19999999999999996
Carotuximab,45,218.8484073648038,1.3033860982164567,0.0,10.5
Casdozokitug,59,182.43976377313936,0.05951328250188968,0.1559227837765415,2.1
Cemiplimab,44,211.89355419521314,0.1285576681112707,0.0,1.1
Cendakimab,50,202.65858290150234,1.337521438528834,1.230646627168715,9.3
Cergutuzumab,49,171.36869715670392,0.07365172880727786,0.0,-5.0
Certolizumab,45,209.23860874760206,0.0,0.0,0
Cetrelimab,50,185.55411116378423,0.01792957930471309,0.6533859590448544,-9
Cetuximab,46,201.95156982459446,0.025297731296463857,0.0,0.0
Cevostamab,47,164.72772528855066,1.0220966815089283,0.03800875916548538,4.0
Cibisatamab,49,171.46858351031187,0.07287249302579309,0.0,-5.0
Ciduvectamig,45,207.62340928363915,0.0,0.0,-2.0
Cifurtilimab,47,219.1212436981317,0.008312939363441829,0.0,8.4
Cilgavimab,63,228.69203226258932,0.408584183099349,0.42226232417461734,0
Cinpanemab,42,211.1259851615235,0.0,0.17681801359578875,5.51
Cinrebafusp,48,184.45417160021907,0.5216003597686111,0.0,6.2
Cirevetmab,44,203.86852836284788,0.0,0.6554688333701808,0.9
Citatuzumab,49,245.7658662242343,0.054981596367735974,0.020108634201638696,0.0
Cixutumumab,59,251.41283530323852,1.1314152224393188,0.183468004150434,-3.9899999999999998
Clazakizumab,50,243.90738208781505,0.0,0.20555095670588952,-4
Clervonafusp,47,229.31661456720772,0.0546675474912251,0.0,12.0
Clesrovimab,54,226.68875641067018,0.09605620730228179,1.2719892509272661,2
Clivatuzumab,47,183.25922783304708,0.0,0.02163078603732417,3.0
Cobolimab,40,191.15988967263084,1.1712952355282258,0.05056836356526448,-8.4
Codrituzumab,48,201.1523456913817,0.11082803956396167,0.8759117272343089,0.0
Cofetuzumab,50,200.60617630967437,0.4240384425209649,1.7266594871193215,-6.0
Coltuximab,44,197.01482205422613,0.5586711142396035,0.32003686198170317,0.0
Conatumumab,51,214.22659840516968,0.005014531042434628,0.10037549359939524,4.2
Concizumab,54,246.37922193640705,0.28892585801109877,2.1338128987839426,0.9
Coprelotamab,48,184.4041035853873,0.5137508214277419,0.0,6.2
Cosfroviximab,49,193.1112798051855,0.01797259447958868,0.48866462928259663,2
Cosibelimab,51,227.3757965863724,0.11193132146349931,1.2626654956832104,1.7999999999999998
Crefmirlimab,45,175.59340072941825,0.022646479403544792,0.4621175985046053,0.30000000000000004
Crenezumab,45,219.75406804149623,0.04847748566497899,0.0,-0.19999999999999996
Crexavibart,62,268.75315431152626,0.26442470621601755,0.09808986580886415,0.0
Crizanlizumab,53,203.13630213334514,0.0,1.9555568437369075,1.9
Crotedumab,55,257.15324296563256,0.0,1.4964349217470934,-7.8
Crovalimab,53,217.50743194838748,0.0441523995471236,0.44490802530647905,2.6
Cudarolimab,50,197.82853135874905,0.04275361333074903,0.28360785166014346,-3.8
Cusatuzumab,53,229.55321056595864,0.18621000734110663,0.02085585006016435,-0.39
Dacetuzumab,47,219.09113659946615,0.008319159394675665,0.0,8.4
Daclizumab,42,190.7042118074982,0.19752218159642204,0.561234908845232,2.0
Dafsolimab,46,222.0888507988405,0.5613934613685753,0.0,8.0
Dalnicastobart,53,205.54767797457248,0.022496335725347014,0.0,4.0
Dalotuzumab,50,219.78778572260416,0.16489866414627213,0.0,6.4
Dalutrafusp,44,175.70816936745385,0.5127793871533457,0.07379609602271074,3.1
Danburstotug,50,187.06519085790256,0.0,0.7371937489297137,-0.0
Danvilostomig,47,202.84737205074495,0.1643740546087394,0.020961079703028043,6.0
Dapirolizumab,45,180.17590792108948,0.0843863033064996,0.4541268541545619,2.2
Daratumumab,49,197.80687199202805,0.05925810752534468,0.02459911531827566,2
Dargistotug,48,185.29449563079095,0.0,1.1518874157668335,0
Datopotamab,48,171.95817597435763,0.0,0.03142921673241945,6.300000000000001
Daxdilimab,53,207.79864599041966,0.0,0.0,0.30000000000000027
Dectrekumab,49,225.01722364227268,0.041953553962462906,0.20014388044002113,0.0
Delpacibart,43,167.96973501676968,0.038687279940216514,0.13546866842754562,2.1
Demcizumab,51,190.07727102242407,0.0,0.3219400904783032,-4.0
Demupitamab,46,192.27864934221745,0.0,0.19786483377069503,-1.8900000000000001
Denicimig,50,184.1337098359754,0.3303793078751539,0.0,8.4
Denintuzumab,46,201.67200818906457,0.0,0.0,3.1
Denosumab,50,191.84505982917793,0.25915128086869255,0.0,2
Depatuxizumab,43,182.4225047441632,0.07427455183520439,1.14988547775285,-3.999999999999999
Depemokimab,52,228.5738658020681,0.05306868662678417,0.0,3.3000000000000003
Derlotuximab,48,189.35769886690642,1.1365883530826293,0.0,12.0
Devextinetug,45,216.8444435527834,0.0,0.2458070343089397,-2.6999999999999997
Dezamizumab,49,191.52922147092954,0.06793344756181388,0.831716623511346,-2.2
Dilpacimab,45,175.20438467818397,0.111626507584316,1.3686766541838793,-6
Dinutuximab,46,207.86519011624773,0.20225574848948497,0.0,-2.07
Diridavumab,53,198.978918206973,0.22143243721082545,0.052916027355025964,3.0
Disitamab,40,205.59298640029402,0.16293105721537535,0.16729837733619846,-2.48
Divozilimab,47,207.37568480868447,0.34864463358165826,0.0,4.0
Docaravimab,46,188.28990868038272,0.030128137286944648,0.26407720643648314,1.2100000000000002
Domagrozumab,43,180.33916180989405,0.05714816554288092,0.025345353622331566,3.1
Domvanalimab,47,215.9870436965171,0.0,0.08579510014701003,0.0
Donanemab,48,239.09794386143318,0.4512466142315591,0.640032795096036,0.0
Dostarlimab,43,183.54757439389905,0.05036153571390978,0.0,0.0
Dovanvetmab,49,185.88960008457445,0.005684964373251766,0.0,0.0
Dresbuxelimab,54,192.90570802884696,0.0,0.09697628837618681,1.0
Drozitumab,50,192.86553986153106,0.283442252582137,1.178529686723918,-1.8
Duligotuzumab,48,200.76809768592068,0.0,1.8082356030213922,-0.0
Dupilumab,58,206.29032417721515,0.9425998130992651,0.0,4
Durvalumab,50,229.49681624015255,0.20157100021358926,0.22438880592988686,0
Dusigitumab,52,194.06722955357483,0.039458658557811166,0.0,0.20000000000000018
Duvortuxizumab,46,217.89033727706533,0.020292943905196478,0.0,4.0
Ebdarokimab,46,191.43124600737696,0.0,0.0,1
Eblasakimab,42,180.731164998138,0.04084527415564108,0.0,2.1
Ebronucimab,55,220.568919846563,0.0,0.24667275903274724,3.8
Eciskafusp,52,205.5972730937928,0.048432120935992466,0.5738722686524682,-0.0
Ecleralimab,48,238.8138086723377,0.1349703559102157,0.43998420807104144,-0.0
Ecromeximab,46,209.20621576369035,0.0166921965619839,0.06583553381037614,-3.6899999999999995
Eculizumab,50,245.42561510759185,0.022079915730881725,0.1099070108677162,0
Edrecolomab,43,173.26175168151588,0.018232525353421885,0.0,0.0
Efalizumab,48,170.36584889833426,0.013744915118575882,0.4934224646853828,-3.2
Efungumab,47,193.0051848028336,0.0,0.28859147446839245,3.3000000000000003
Eglatoprutug,48,212.0526625951315,0.0,1.7635001262371421,-4.0
Eldelumab,53,228.93248315019713,0.0,0.19248329023697436,0.0
Elezanumab,50,192.1130273132539,0.0,0.0,0.2100000000000002
Elgemtumab,44,207.95903331526102,0.0,1.1146952536985077,0
Elotuzumab,46,194.87268376915,0.15605306265545885,0.0,0.0
Elranatamab,43,207.72117894612938,0.0,0.0,2
Eluvixtamab,55,210.7702820085119,0.0,0.0329451840912991,1.8
Emactuzumab,42,178.4002806383362,0.0,1.3033765154421502,2
Emapalumab,53,213.00746987421033,0.025278536405262196,1.1410492568571302,-3.19
Emerfetamab,55,194.9159485317578,0.0,0.031125637193200068,1.8
Emibetuzumab,43,183.18232493619462,0.05724331143027865,0.0,4.0
Emicizumab,46,172.98247775537914,2.2885004858036995,0.09610424644941927,-8.0
Emirodatamab,51,222.02784994954004,0.5665807193816493,0.0,9.3
Empasiprubart,49,194.1349712640084,0.1951175428798288,0.7869433095166111,-5.8
Enapotamab,44,216.31543451113998,0.027408673416348513,0.0,0
Enavatuzumab,50,214.02845021513875,0.12649059933769402,0.11923831859289724,-1.7999999999999998
Encelimab,47,216.02450915188888,0.024676528791585137,2.2910726831562718,0.1200000000000001
Enfortumab,44,237.27600438228257,0.054552517594184745,0.0,0
Englumafusp,54,178.5933162153731,0.27802772958226873,0.2135162777334423,-2.0
Enibarcimab,50,189.06450255180465,0.0,0.3722514376506713,-5.1
Enoblituzumab,49,199.44054827207148,0.42908965386733394,0.0748104605076527,0.0
Enokizumab,49,223.3237292795244,0.0005459734412176883,1.2574366057354827,-2.2
Enoticumab,50,188.00127081944993,0.2507130472847499,0.48506222674528515,2.1
Ensituximab,39,189.90842555068534,0.9143148024517768,0.0,4.2
Enuzovimab,45,206.46184698245057,0.044130519081425186,0.029091651990355016,3
Epacmarstobart,47,177.3458002773683,0.017825062003402673,0.21252647127293617,2.2
Epcoritamab,55,218.4388442645799,0.22851538178042613,0.026918469829507147,3.1
Epratuzumab,48,216.43641232261427,0.15040837071187016,0.7327920711923271,0.0
Eptinezumab,44,229.34976285191834,0.0,0.06394958470398143,0.10000000000000009
Eramkafusp,47,202.02597952178604,0.0,0.0,0.0
Erenumab,60,243.58854104529638,1.1935086219556308,0.0,9.3
Erlizumab,51,185.28554311324257,0.24368034133260033,0.03144412327056051,0.2100000000000002
Etaracizumab,44,220.68637468424566,0.004859822244316897,0.02218397331214714,0.0
Etesevimab,48,219.7331753034656,0.02062157500390775,0.37147296002543667,0
Etevritamab,56,218.22216348323593,0.3425546032500966,0.12554815153491655,3.8999999999999995
Etigilimab,46,190.26348053767828,0.035031184142998516,0.024848628699458208,9.3
Etokimab,49,189.8623347665117,0.22787698110435187,0.0,12.299999999999999
Etrolizumab,45,194.12940777430447,0.025354996162971828,1.2874514470913097,2.0
Evinacumab,53,198.3389985831601,0.2742637818781283,1.3294344097320778,-2
Evolocumab,45,221.51620191887457,0.0,0.0,0.20000000000000018
Evunzekibart,46,185.98082145882037,0.030947932698725533,0.0,3.3000000000000003
Exbivirumab,50,241.5872261879968,0.15491164203411398,0.15110344711375,3.4100000000000006
Exidavnemab,51,218.05295408070782,1.1016661832417067,0.0,3.6000000000000005
Exlinkibart,43,179.27153641498353,0.4636464799800356,0.49302070955237354,0.0
Ezabenlimab,51,226.17458198941475,0.1209894442069144,0.020948952034344725,2.0
Faricimab,51,205.0105014119623,0.005218856991564586,0.05684367283013074,0.2200000000000001
Farletuzumab,49,231.38724300998132,0.0,1.1324257156301172,-2.0
Fasinumab,47,220.03169118448346,0.0,3.716174054625199,-15.0
Favezelimab,50,160.4188165519729,0.0,2.428170308774189,-12.600000000000001
Fazpilodemab,52,207.34660008786736,0.027076069875688353,2.774386474737395,4.0
Feladilimab,47,198.33558786110854,0.0,0.022690306944662904,0.0
Felzartamab,48,228.09984124112339,1.26789047836923,0.38319396846938,-0.8999999999999999
Fepixnebart,50,222.93781744626162,0.005641547352408143,0.0,3.6000000000000005
Fezakinumab,53,231.84771210564674,0.023631930362884274,0.5469105086251081,-0.0
Fianlimab,50,204.88845985909774,0.030037046180286717,0.18686498217761954,-4.0
Ficlatuzumab,45,162.51480987965056,0.059748972145690304,0.15157797967751094,-4.2
Fidasimtamab,47,202.34258309248338,0.5222009442571548,0.0,9.3
Figitumumab,52,213.9662796808526,0.8883955086403559,0.0,6.1
Finotonlimab,50,192.43625698362806,0.16843581758570172,0.5216542675972866,-5.0
Firivumab,50,172.88735649352503,0.04413568377836375,0.07974379108927201,-1.6
Fiztasovimab,55,230.9015291419301,0.0017840290668362365,0.0,0.0
Flanvotumab,47,231.2752535423475,0.0,0.0,3
Fletikumab,54,192.55501560035137,0.0,0.0730868476872621,0.30000000000000027
Flotetuzumab,53,225.20029619021665,0.17549050314331066,0.0,3.1
Fontolizumab,45,174.18100561311283,0.0576563499820993,1.5866800040118938,-0.8999999999999999
Foralumab,46,214.5849040634535,1.146737103003267,0.01928632926038212,5.0
Foravirumab,46,236.5914856523429,0.021764690070005366,0.18908472293205347,3.0
Forimtamig,49,209.149956941131,0.04018233988057,0.3683238062412533,4.2
Fremanezumab,49,207.97742755041781,1.769493946794987,0.2431703774225598,-3.5999999999999996
Freneslerbart,46,203.20952043044733,0.0,0.0,2
Fresolimumab,48,190.42397223309146,0.02051468411261889,0.9194680422328971,-2
Frexalimab,47,154.82376753968558,0.024909704964318678,1.2722121007949563,0.20000000000000018
Frovocimab,58,240.67320777694653,0.2574229577898336,0.0,3.3000000000000003
Frunevetmab,50,174.4624281469365,0.03403232768833751,1.4795827226118046,1.5199999999999998
Fulranumab,50,223.22478003495127,1.0937771325356742,0.03688269702444593,2.4000000000000004
Futuximab,50,171.49115044280217,0.02039373623993005,0.08722666649452222,-1.1
Galcanezumab,46,179.0753272552338,0.05693117159815512,0.0,3.1
Galegenimab,46,189.9459672111098,0.0,1.6858963919635597,-8.0
Galiximab,58,254.90445868932807,0.0,0.0,-8.0
Gancotamab,51,202.14383395099856,0.26317743426911555,0.0,3.0
Ganitumab,52,245.68658264052294,0.16156082219486328,0.0,0.8199999999999997
Gantenerumab,54,204.15899874129133,0.8680884235742827,0.032050146138523423,6.1
Garadacimab,59,232.36895398279057,0.44577074497581637,0.0,12.299999999999999
Garetosmab,55,249.32846167206793,0.02676564083927803,0.0,10.2
Garivulimab,45,204.0292818901991,0.16179657596982444,0.027414395793351743,4.2
Gatipotuzumab,51,238.82523972151733,0.14059687776090343,0.03074121095030834,0.31999999999999995
Gatralimab,46,248.16045530000298,0.18619116316992249,0.0,13.020000000000001
Gedivumab,54,223.55573667595903,0.018329195440172127,0.0,0.0
Gemtuzumab,48,196.74012132266392,0.0,0.0,-2.0
Geptanolimab,44,170.43540294546415,0.021937737392567908,0.4140498660261108,0
Gevokizumab,47,184.76344378268138,0.06703944787839343,1.7454971884009327,8.2
Giloralimab,44,220.51549953112584,0.024440173854440517,0.0,3.3000000000000003
Gilvetmab,48,179.10295730458836,0.052751734841741046,0.8621365780741086,-1.3
Gimsilumab,48,222.63711866215706,0.17031425098372469,0.03956987851918644,0.0
Ginisortamab,56,196.110328924251,0.0,2.2376053991600595,-0.0
Girentuximab,46,185.4741393576354,0.10929205683766713,0.0,6.0
Glembatumumab,47,187.91534895511967,0.0,0.0,3.2
Glenzocimab,53,211.33758151228312,0.03773967719970978,0.0,0.0
Glofitamab,55,215.62885064088402,1.119613149413855,0.0,3.0
Golimumab,54,218.96754013564947,1.1296138985548212,0.0,0.0
Golocdacimab,61,221.3572266119769,0.07411423349023949,0.35867579898020774,1.8
Gorivitug,50,216.0144388077166,0.09688510302852578,0.037916976395353554,3
Gosuranemab,50,207.36794712801367,0.22156476818959622,0.03264423128821822,9.610000000000001
Gremubamab,52,243.45980829840693,0.0,0.0,-3.6
Gresonitamab,52,189.45772467920568,0.019301576747289433,0.0,20.0
Grisnilimab,53,211.41372030852187,0.0025357259774583803,0.5576831104809188,-0.8
Gumokimab,52,216.7812999228743,0.06213883720827453,0.4453065054213208,0.0
Guselkumab,49,205.20508839526138,1.3739715055688584,0.0,0.0
Ianalumab,52,219.85060579581244,0.6197294385743768,0.0,6
Ibalizumab,54,196.35777762484292,0.018710508614399695,0.12690873873396197,-4.0
Ibritumomab,48,222.95950804589103,0.0,0.0,8.0
Icrucumab,54,251.79576503449545,0.011962230345812348,0.0,2.6
Idactamab,48,196.49814311476052,0.13432238678869374,0.0,16.5
Idarucizumab,54,240.01409341691954,0.02620531438858763,0.0,12.8
Ieramilimab,53,170.4402977976652,0.0,0.10338770791601719,-0.0
Ifabotuzumab,45,166.5596055711759,0.02492787683042119,0.03361393656754223,2
Ifinatamab,48,182.51059810762897,0.0,1.7795240579263774,-2.0
Iladatuzumab,49,192.2553047555121,0.0,2.5245688891556632,0
Imalumab,45,211.94759482555796,0.04384759445703134,0.1414635575514091,-3.1
Imaprelimab,44,188.62184813295022,0.0,0.0,8
Imgatuzumab,46,209.25799022021607,0.05912685962366633,0.0,6.2
Imsidolimab,53,255.81023876405425,0.17191705772793522,0.0,4.919999999999999
Imvotamab,46,186.9495508730376,0.9498623186026944,0.26645519006433604,0.40000000000000036
Inclacumab,51,191.91635475627487,0.029389201398774004,0.04267333684741736,0.0
Indatuximab,49,195.0632311087142,0.0,0.0,1.8
Indusatumab,46,173.17184535962804,0.27792417991710844,0.0,16.8
Inebilizumab,52,208.002649042391,0.19493406482781728,0.8719196127415814,-0.0
Inezetamab,52,203.96619782579296,0.018059381589319187,0.0,1.1
Infliximab,47,190.21722683963446,0.18062491367094896,0.0,-0.07999999999999999
Inotuzumab,54,219.78030965900558,0.6232580067684886,0.0,6.300000000000001
Intetumumab,47,243.90819156259982,0.6068156786459197,0.0241291832026499,0.0
Iparomlimab,52,224.53949005255708,0.006923197443761822,0.41422622574099255,3.1
Ipilimumab,47,207.85478487977946,0.16431424445920567,0.020954093684063754,6.0
Iratumumab,39,179.14991652270498,0.0,0.0,3.1
Isatuximab,47,188.27420866616688,0.14893500008029348,0.5683772077924767,0.010000000000000009
Iscalimab,52,243.1365266833511,0.02081805098691173,0.0,-5.699999999999999
Ispectamab,50,202.7246821145191,0.0,0.0,0.0
Istiratumab,49,199.95623527447015,0.05003464594641255,0.0,8.0
Itepekimab,49,196.6273956199148,0.24498942784464617,0.05515909756904884,6.300000000000001
Itolizumab,46,227.1653594653979,0.6824427188322796,0.48935124846274175,8.0
Ivicentamab,50,234.9324796666682,0.0,0.09400403829423097,0
Ivonescimab,51,196.60830166329328,0.005195364175066974,0.05639788000775742,1.2100000000000002
Ivuxolimab,45,207.06077655164455,0.0,0.0,-2
Ixekizumab,52,196.32281610925014,0.15003829751903325,0.5994046525013397,0.6200000000000006
Izalontamab,46,195.2594996724499,0.025415649394268606,0.0,0.0
Izeltabart,54,219.31418336062816,0.05800104485329344,2.041688730797764,-12.39
Izenivetmab,47,204.5771228563746,0.7296816121774083,0.021242640849996403,-6.2
Izuralimab,53,230.68183314688258,0.05761712709010971,0.0,8.8
Labetuzumab,45,180.871604895109,0.20827411866460088,0.0266578095621565,0.3100000000000003
Lacnotuzumab,45,188.76306235588999,0.031008071957000116,0.33110047319909225,-0.10000000000000009
Lacutamab,45,178.60225176434528,0.003904406879710295,1.1524270819600353,0.11000000000000011
Ladiratuzumab,53,227.17500181233865,0.04163927562215864,1.7344565138545842,-7.5600000000000005
Lampalizumab,42,178.38024567411264,0.08506318320719343,3.8644995412083922,2
Lanadelumab,49,192.60469446215143,1.1179295430192637,0.11312255896704318,6.300000000000001
Landogrozumab,41,217.1807035546772,0.002982538449436073,0.0,0.0
Laprituximab,46,184.15913621323415,0.05769963656133761,0.6818722329077691,0.0
Larcaviximab,46,191.32784205990728,0.021763110464338205,0.13007613539920337,0.10000000000000009
Latikafusp,50,230.0339185346199,1.270278708721292,1.372771958174335,-0.0
Latozinemab,55,214.79163810036036,0.020480306023119656,0.0,0.0
Lebrikizumab,49,203.60714949564334,0.02661468513565684,0.2614501292316499,-6.0
Lecanemab,56,246.55455828587472,0.69704027174394,0.0,3.2
Lemalesomab,54,207.4185335297118,0.05083727928837415,0.0,4.800000000000001
Lemzoparlimab,51,190.46986188738595,3.835429063659195,1.1842176497875347,6
Lenvervimab,56,238.508429483124,0.0,0.1082272620144107,3
Lenzilumab,46,177.91937991533018,0.23043946674698457,0.0,24.0
Lepunafusp,51,195.18738279448866,0.09989719189444962,0.023075146081866303,0.0
Lerdelimumab,45,205.96105560973666,0.29377103489098627,0.13538798446206965,2.2
Leronlimab,55,218.3677743320167,0.06809999395480071,0.0,4.4
Lesabelimab,47,215.17859352495267,0.04628401568082301,0.0,8.0
Lesofavumab,56,179.72842003072486,0.0,0.2290370539291626,-1.9
Letaplimab,42,192.19364282480336,0.1197123630191479,0.0,20
Levilimab,51,189.18453990951676,0.02898165634607036,0.0,0.0
Lexatumumab,50,195.20151912192588,0.1692594908998627,1.6061500122195267,-5.8
Libivirumab,62,226.64718729773827,0.13208952615715142,0.057741605330167166,12.8
Licaminlimab,52,229.612286158397,0.05168135902126925,0.26336438567461457,0
Lifastuzumab,53,219.2432563146397,0.11634789053271544,0.09371965362522591,0.6200000000000003
Ligelizumab,50,225.9065246405936,0.0,0.0,-0.7999999999999999
Ligufalimab,44,180.07210909946676,0.02160220313571009,1.3510030208108474,2.4
Lilotomab,46,162.68503441190202,0.003563805939239725,0.6159337070133968,-3.74
Linavonkibart,48,185.76421008489518,0.11887661907820457,0.22865372732346292,-0.0
Lintuzumab,48,174.77113140722335,0.037334518086602736,1.0193646253829052,0.0
Linvoseltamab,53,230.37598967209158,0.0,0.41562026150629405,-4
Lipustobart,51,199.43863585898777,0.04959662274474336,0.02082542228254964,3.0
Lirentelimab,46,212.42671967485052,0.02775221183228159,0.0,0.0
Lirilumab,50,213.2862233800844,0.0,0.6445149304547203,-2
Litifilimab,53,202.65323562495735,0.11490568633361609,2.2917915936964177,-2
Livmoniplimab,53,228.45009159566743,0.5886376776734955,2.2893318983396553,0
Lodapolimab,54,230.16103974063736,0.0,0.0,0
Lodelcizumab,44,179.6526416664015,0.0,0.0,0.40000000000000036
Lokivetmab,50,191.84146469320237,0.04797206990743864,0.21253035695934294,-0.0
Lomtegovimab,47,180.67458992936605,1.6435236327589975,0.09119179912791464,4.4
Lomvastomig,52,205.4810674194112,0.05721626107739732,0.5731124066335955,-0.0
Loncastuximab,44,192.3123090650251,0.5712769768902086,0.3209868328244523,0.30000000000000027
Lonigutamab,47,208.63090984413247,0.1992401382490425,0.0,5.0
Lorigerlimab,50,193.64129000141338,0.0061940213393306305,0.7058898221588975,-0.18000000000000013
Lorukafusp,46,213.71308541721606,0.20602163291958964,0.0,2.64
Lorvotuzumab,51,271.12247185299043,1.22105734332027,0.0,13.799999999999999
Losatuxizumab,43,159.3440104496776,0.1591411469215732,0.08670391575506782,1.0000000000000009
Lucatumumab,52,231.92651508977764,0.020851986149484265,0.0,-2.7
Lumiliximab,45,199.27535121612624,0.3138560097964602,0.08783497709646225,-2
Lumretuzumab,53,187.24292387265166,0.03663707671831154,0.0,8.0
Lunaxafusp,46,179.9020040608131,0.022871375152508155,0.0,0.11000000000000001
Lupartumab,49,203.00958222356778,1.1438862684148847,0.0,0.0
Lusvertikimab,49,200.60415157559984,0.13659433220421055,1.5069521466945477,0.3100000000000003
Lutikizumab,47,259.9722941025311,0.038933862322659864,0.033599151037534275,4.41
Luveltamab,52,195.38850491923216,0.0,0.0,-6.0
Maftivimab,44,218.29733117626088,0.03759938070301222,0.0,3.3000000000000003
Magrolimab,50,179.5571637104302,0.1554076456375027,1.1397773393555641,2.1
Manelimab,53,221.94197782901708,0.1664763451652169,1.138655370693339,-0.10000000000000009
Manfidokimab,43,182.8605478158837,1.1510749602324004,0.0,4.2
Margetuximab,47,178.402166236739,0.5605704244998331,0.0,0.0
Marstacimab,53,220.53155771812618,0.04495447483023226,0.0,0.0
Masavibart,51,215.34554247669814,0.17412725429582843,0.10868672727050802,2.1
Matuzumab,47,228.9757404016554,0.03160548998859683,0.2252155350419022,-0.99
Mavrilimumab,52,230.8550248850071,1.1790620529620548,3.7701819719799206,4.5
Mazorelvimab,53,255.98709538179304,1.3685463404463327,0.032802551973590714,4
Mecbotamab,47,160.35867166315774,0.15405971309491362,0.09490851527214422,-2.79
Melredableukin,43,208.90618660694278,0.05020343017234159,0.0,0
Melrilimab,50,199.14909184158833,0.0540539448100027,3.1206202795054296,0
Mepolizumab,52,230.00410101432885,0.14659402510219205,0.018320831389805337,0.29999999999999993
Metelimumab,50,216.90265173395028,0.14716705811618636,1.847046510839089,2.0
Mevonlerbart,42,201.41525544698055,0.18899907960340032,0.0,-4
Mezagitamab,54,206.8815665910414,0.27419730210186444,1.1407286600734363,-0.0
Mibavademab,47,204.33454397606414,0.12375021087896662,0.029107477245038812,4
Milatuzumab,52,197.75457546529526,0.1403952937595311,0.19157626598053568,4.2
Mipasetamab,50,231.95183080722222,0.0,1.1537619348799744,0.0
Miptenalimab,49,193.78404030932984,1.1834268475857448,1.62589930589546,2.0
Mirikizumab,42,191.84245662185418,0.6031470115366333,0.2855306252520118,6.300000000000001
Miromavimab,48,188.94451093481024,0.0021765736290169707,0.0,0.4400000000000002
Mirvetuximab,49,185.99734516692297,0.15392561388940385,0.6187645410140422,0.22000000000000022
Mirzotamab,43,207.00817204251285,0.038932111219004265,1.3258661394114741,-2.6999999999999997
Mitazalimab,51,251.92613117080515,0.0,0.0,-3.0
Modakafusp,47,182.11681009516587,0.46944047361282193,0.9854958105566352,-4.2
Modotuximab,51,209.13387010738853,0.03949186989843651,1.1240056404733954,-2.09
Mogamulizumab,52,253.5680713286069,0.3173528069927964,0.03409641545073789,3.4100000000000006
Monalizumab,52,206.5446587510457,0.005346900557541253,0.7626510480761934,-3.8
Mosunetuzumab,51,199.38545820235151,1.4493805461312403,0.018583198602640044,0.0
Motavizumab,46,215.52745556900766,0.151652851107493,0.0,6.2
Moxetumomab,50,210.89398127765492,0.012136758335851585,0.03162472113279289,-3.9899999999999998
Mupadolimab,53,207.52798870470215,0.020679395700638977,1.2836203737962188,-3.0
Murlentamab,42,180.1751267917121,0.16922476823411847,0.0,12.4
Muromonab,45,190.58955647269903,0.8198987272508992,1.1158751433229481,4.41
Nadecnemab,51,235.11309175381643,0.02998144859517056,0.061616489969122605,3.3000000000000003
Nadunolimab,45,175.71241266225954,0.10873348306411791,0.0,0.21999999999999997
Namilumab,46,208.2213467578227,0.01921729181212574,0.0,4.0
Naptumomab,47,177.14744262841756,0.047000248822692714,0.0,2.0
Naratuximab,43,186.26979091660877,0.7262240953523498,0.09785006742155831,8.6
Narlumosbart,50,182.41581210808675,0.26059278565741395,0.0,2
Narnatumab,49,218.30452088213553,0.25947829675214723,0.0,3.3000000000000003
Narsoplimab,45,202.21083731098904,0.4439223226677685,0.060371115554033086,-5.0
Natalizumab,50,169.8964483597689,0.6153847017174967,0.3079145449028112,6.0
Navicixizumab,51,201.13837949115123,0.0,0.3769338966366946,-6.0
Navivumab,55,259.5614396731491,0.25792542711338545,0.0,4.2
Naxitamab,43,215.51858897707024,0.06077789250456894,0.16227656824240028,3.1
Necitumumab,48,230.8870157810697,0.0,0.0,2.0
Nemolizumab,48,182.71674622554102,0.03793008774450038,2.6716175922509215,4.0
Nepuvibart,47,205.17186944775725,0.0,0.15922887686376885,-2
Nesvacumab,49,197.35887425526744,0.02822080204460056,0.043737786138579794,4.0
Netakimab,53,210.24119725821402,0.08062169638650526,0.025947070244392773,1
Nimacimab,45,171.21080897449718,0.19741068859335037,0.0,2.3100000000000005
Nimotuzumab,56,245.12744495625122,0.21257512975844886,0.8558955027164473,-4.2
Nipocalimab,47,238.7095133254004,0.04547486496698104,0.16197776014566084,-3.8
Nirsevimab,53,220.43552955084476,0.0,2.7617553794922385,6.8
Nisevokitug,50,255.49309383272663,0.0,1.7313480809758683,2.0
Nivatrotamab,43,215.15016613740207,0.06105130974358835,0.16290030307047326,3.1
Nivolumab,40,186.92629421444073,1.2101010280093316,1.1675397452038452,2.0
Nofazinlimab,48,209.3187735853528,0.01879924309264487,0.3366370728982202,-1.8
Nurulimab,47,202.76012589173186,0.14025308233440748,0.02118521710574172,2.0
Obexelimab,53,210.02170394942874,0.004365772282923311,0.06255676131373483,-0.0
Obiltoxaximab,46,168.7872543476522,0.20040105580050893,0.4432116793596176,8
Obinutuzumab,52,210.00428550805984,0.0,0.455771325785256,0.09999999999999998
Obrindatamab,49,200.20228348299875,0.3726180005736217,0.07487979632240585,0.0
Ocaratuzumab,47,213.082527621123,0.07177860874527439,0.0,5.0
Ociperlimab,46,196.87117302177762,0.11739201705094951,0.02094690868604581,-2.1
Ocrelizumab,49,180.88783154492864,0.11626857717256743,0.0,6.300000000000001
Odesivimab,51,196.0206460653689,0.0,0.11602357576801091,1.0
Odronextamab,54,206.53068358329273,0.0,0.0,-2.9
Ofatumumab,49,183.52544565515973,0.6794663252315347,0.0,2.0
Ogalvibart,47,205.64871186694216,0.07721944004528378,0.669911387258103,0.0
Olaratumab,54,206.12138109329885,0.030474020075821277,0.0,0
Oleclumab,48,215.68012859033422,0.14960095744648455,0.06612604765772379,0.29999999999999993
Olendalizumab,51,222.75655910349073,0.033811411346756005,2.1135027557354973,-1.1
Olinvacimab,49,189.05336723449182,0.0037724698749278178,0.9422514239345362,-6.2
Olokizumab,47,208.91176942623514,0.10053295122699937,0.13089148199615636,1.8
Omalizumab,52,197.1612847874733,0.005051591201835039,2.467352715425794,-3.19
Omburtamab,45,186.64204892246494,0.0,0.05724302398873753,-0.0
Omodenbamab,52,205.56883650671216,0.07492118740079576,0.042080330181049834,-2
Onartuzumab,53,189.45441362133,0.05705893598069833,0.7628680359985917,0.0
Onfekafusp,45,214.4608424179848,0.0,0.0,0
Ongericimab,38,175.36604609004257,0.7156642613502502,1.5717628384508981,3.4100000000000006
Ontamalimab,57,242.74952246233107,0.021353592350931587,0.043706495173369796,0.0
Ontuxizumab,52,189.6642702176381,0.0,2.7578472720595864,-16.0
Onvatilimab,47,200.4344118707795,0.0,1.1309217565020655,-3
Opicinumab,46,168.67182843880272,0.0,0.7788034917266969,-3
Oportuzumab,49,247.40601209824996,0.053551786531209615,0.02006838909238487,0.0
Opucolimab,53,217.22346849634636,0.02154901757271668,0.5248723578477827,-4
Ordesekimab,45,182.31707503491612,0.0,0.0,2.0
Orilanolimab,45,163.8262728281881,0.3576648137706161,0.12462710293975188,0.6999999999999998
Ormutivimab,60,207.52491110487094,0.0,0.5635948409839184,-0.10000000000000009
Orticumab,52,186.230919696422,0.27893750148580093,0.0,4.2
Osemitamab,51,187.04229143878717,0.04336244023505842,0.0,9.3
Osocimab,47,215.02207608902455,0.024668208985380254,0.16065986827285986,0
Otelixizumab,48,193.54938652244704,1.406263448618267,2.8003704092877557,-14.700000000000001
Otilimab,43,194.94705319824726,3.6087857362548528,0.11552805986656912,3
Otlertuzumab,44,176.84018677613614,0.0,0.6688734923221936,-6.0
Oxelumab,47,194.64676836063433,0.026378544586464985,0.03422539477933185,2
Ozanezumab,45,219.59464337020535,0.1068307855837033,0.028288595865880704,6.0
Ozuriftamab,48,210.05095053485866,0.0,0.0,1.0
Pabinafusp,51,198.4397015922315,0.06184577218742776,0.04310431523592546,3.2
Pacanalotamab,49,172.41586244947936,0.1535669106611044,0.17337488917218452,-0.8800000000000001
Pacmilimab,43,199.26575223203804,0.33894705423348853,0.037921827517915015,2
Palivizumab,46,215.22492083656618,0.08167119196867172,0.0,8.0
Pamrevlumab,47,202.40314274639218,0.024975939616541654,0.0,2.2
Panitumumab,46,188.68186725906617,0.0,0.198474301213711,-1.8900000000000001
Panobacumab,48,183.695466669185,0.14266234452086315,0.03839731481714182,4.2
Paridiprubart,45,199.7110448999768,0.11467004902501815,0.4384629287109647,-0.7700000000000002
Parsatuzumab,56,207.76902069556132,0.5218273413161636,0.7603982822398907,-7.56
Pasotuxizumab,48,173.97942476696025,0.16413517602681352,0.36763988708615114,0.0
Pateclizumab,46,176.97693826024616,0.24402195696087295,0.051327923341236016,6.2
Patritumab,50,190.36152801867536,0.044745141304512924,0.17192468829849575,-5.1
Pavurutamab,49,177.02667915096032,0.10450726761809903,0.42615423666782287,-1.9800000000000002
Pelgifatamab,50,219.39890698694703,0.24152060863232358,0.06932112347801728,8.0
Pembrolizumab,51,182.27179805706277,0.08840833121278815,0.09770929822999369,2.0
Penpulimab,45,184.924774884006,0.49531568763276035,1.4618107546010148,2
Pepinemab,49,212.17735397507147,0.02535532329206986,1.4576865380381177,-10.0
Perakizumab,50,186.370157937609,0.8421404860251169,0.2499797915312972,2
Perenostobart,48,208.4210951673238,0.13520881947194946,0.559973074093886,4.0
Peresolimab,49,183.46359275442234,0.0,0.8089590812847818,0
Pertuzumab,46,184.3336357151037,0.13791617463755657,0.0,0
Petosemtamab,48,175.0730695949713,0.0,0.0,-2.6999999999999997
Pexelizumab,50,242.15565971041394,0.022884877704474442,0.10996011579251969,0
Pidilizumab,43,216.48562362951057,0.049376927706652356,0.09692172811852619,-10.0
Pimivalimab,45,185.03175645429644,0.0,0.15323984248125017,0.0
Pimurutamab,46,191.53437229255218,0.01824447635793643,0.03205634240085504,-2.0
Pinatuzumab,53,229.15358849643968,0.0,0.5547474212143655,4.1
Pivekimab,48,166.10196454465068,0.41606548197725657,0.18949128722583145,3.0
Plamotamab,47,203.45463698761984,0.044342819548548955,0.0,0.0
Plonmarlimab,47,191.20000602976432,0.020402346578415113,0.05971695891501887,9.3
Plozalizumab,49,253.06738104632058,0.0039008237654933045,0.0,6.2
Plutavimab,44,237.41846467693495,0.0,0.0,2
Polatuzumab,49,192.2786462031635,0.0,2.5225228579598773,0
Polzastobart,50,168.80053516409964,0.1684100299455789,1.5678216054738825,-4.5
Ponezumab,48,191.78554906581178,0.7456883464608328,0.0,3.1
Ponsegromab,48,181.61437093128617,0.003224739451704956,0.5602908470508717,-0.9900000000000001
Porgaviximab,48,206.97222838079668,0.5636392537834344,0.07321099119202307,-3.1
Posdinemab,45,193.13606903619944,0.7125898149362804,1.4186238749187567,4
Pozelimab,48,196.63368075468233,0.05194457073328932,0.0,5
Pradusinstobart,47,198.8754824188373,0.025634734779452977,0.0,12
Prafnosbart,48,199.34078687299294,0.3790831737693898,0.04751114259498167,0.0
Praluzatamab,54,228.55018855396128,0.030371332696518444,0.28671765752865397,-0.99
Prasinezumab,49,239.42365696941158,0.021144127436941204,0.03171655302834542,0
Prezalumab,48,205.38163858032203,0.19135687534729387,0.0541645292329553,1
Pritoxaximab,49,196.70347115745858,0.11789394999801052,0.025203375943565063,1.6199999999999999
Pritumumab,47,186.21298765423182,0.021025319272773818,0.026403104095148747,0.0
Prolgolimab,56,232.8607212161229,0.03900951665632479,0.03991418679728847,8.0
Pucotenlimab,49,206.44962255343208,0.1817238624998319,0.2839844970348465,0
Pulocimab,43,224.06144601033083,0.05536042307254671,0.13763943466016865,4
Quavonlimab,42,174.67577152101185,0.0,0.09147299628462378,3
Quetmolimab,46,187.7610884674603,0.049313907634742214,0.17533298499326389,0.0
Quilizumab,50,200.6956109342642,0.0,0.4005417504394021,-8.2
Quisovalimab,49,221.90411285239824,0.0,0.0,6.2
Racotumomab,48,165.4062521360252,0.0813745286822177,0.07370459938165407,0.20000000000000018
Radretumab,45,214.45958432447222,0.0,0.0,0
Rafivirumab,60,207.46316310767978,0.0,0.5635168787901886,-0.10000000000000009
Ragifilimab,51,214.43574193817335,0.05310240539501603,0.0,2.0
Ralpancizumab,45,202.98946517729127,0.14417538723454257,0.0,9.920000000000002
Raludotatug,49,188.7613265765433,0.0,0.6481352407865406,-6.0
Ralzapastotug,48,190.67815138038563,0.11585117875950103,0.0,15.299999999999999
Ramucirumab,43,223.63959514257164,0.054917338215386954,0.1387675385918212,4
Ranevetmab,50,177.41252989421147,0.031163673890593872,1.2345540151797265,-3.08
Ranibizumab,51,196.73697532312292,0.005049285333596946,0.05667156081589533,0.2200000000000001
Ravagalimab,49,220.57768753977564,0.15864424384099718,0.0184808231602527,3
Ravulizumab,50,228.84850266509306,0.03562721236313478,0.10982586904932565,0.0
Recaticimab,53,197.90993696145193,1.2128706620610297,0.2179913196768677,4.4
Refanezumab,58,225.0315212526532,0.002898256902521877,0.07912465077119178,-1.1
Regdanvimab,59,193.77446745848573,1.0294741765582773,0.0,-6.1
Relatlimab,47,182.6153384594082,0.11145383685460525,0.43354212723215335,0.0
Relfovetmab,46,204.61778401796352,0.7088762273892375,0.0,3.1
Remtolumab,48,200.68975382401254,0.06355922427214244,1.2183841068384142,-11.6
Reozalimab,47,219.33638060411783,0.0,1.2663993991894997,-5.89
Reslizumab,44,201.94636414690805,0.0,0.0998567881396886,0
Resugobart,44,176.00405186191563,0.0,1.6759498279850198,-10
Retifanlimab,50,193.7721020475695,0.00622442402780036,0.7046342837864978,-0.18000000000000013
Retlirafusp,50,195.09965479328997,0.00044518185299255545,1.8491827030740682,-3.6
Revdofilimab,51,229.18950052033998,0.16870673695479987,2.204654079476737,-18.0
Rilotumumab,48,197.92684170053832,0.0,0.023564683656775647,4
Riltovetbart,50,191.89786438452472,0.048365329092225774,0.20593689388321285,-0.0
Rilvegostomig,54,252.2486658615211,0.19776240173986015,0.0,3.1
Rinucumab,50,230.45742251023162,0.020518658171668477,0.0,10.0
Ripertamab,47,203.226353454448,0.0,0.0,0.0
Risankizumab,47,185.087864655692,0.11662641269095793,0.0,4.1
Rituximab,47,202.87740213248838,0.0,0.0,0.0
Rivabazumab,52,232.45528091299923,0.02517529381568229,0.4275220632050093,4.0
Robatumumab,45,208.7262225022206,0.16102015037272954,0.028785033727803843,9.3
Rocatinlimab,44,172.31182603779115,1.1498439049601903,0.0,0.0
Roledumab,53,202.0265298863872,0.3473384395687739,0.04574359744215035,9.3
Rolinsatamab,47,175.17774178610932,0.0,0.30926015612695434,0.0
Romilkimab,49,191.316146404822,0.06744618568318923,1.89016885870122,2.0
Romlusevimab,48,220.44800497009192,0.0,0.16029159588081782,-0.9
Romosozumab,50,195.96516815505674,0.0,1.5506492733163044,-6.0
Rontalizumab,49,217.4326200909142,1.0580893450144901,0.39273252692545846,-6.0
Rosmantuzumab,48,195.52363778198037,0.023406749584308353,2.3005363917977695,-0.30000000000000027
Rosnilimab,49,184.72044388944423,0.11620640920380569,0.10464099725406018,1.1
Rosopatamab,42,151.1349909065117,0.14139700870733796,0.0,-3.3000000000000003
Rovalpituzumab,45,197.057902053399,0.0,0.4111345195360757,-1
Rovelizumab,51,193.08875575461582,0.07774459778464397,4.7188224997983514,-3.0
Rozanolixizumab,49,221.31884769051655,0.026382647864724447,0.845373901660735,0.0
Rozibafusp,48,192.1837468603299,0.19132742339217648,0.05415013876855522,1
Rulonilimab,49,207.3924768657729,0.24793316821859138,1.6478214100750086,-8.99
Runimotamab,48,194.67322644228835,0.5206570083137877,0.0,6.2
Ruplizumab,49,200.15351023539856,0.0,0.24726135630310328,0.0
Sabatolimab,49,206.24225729958522,0.0,0.16895605559173776,1.0
Sacituzumab,48,213.43266874766795,0.0,0.0,2.2
Samalizumab,44,150.60204906223146,1.7656189408901493,1.6956210088675638,2.0
Samrotamab,47,175.17026019098859,0.09646219143336868,0.06265580552716268,2.2
Sarilumab,43,198.39510917462525,0.04433105064393082,1.145401169880985,-9.0
Sasanlimab,50,199.15965846519893,0.0,0.08408289721106676,-2.0
Satralizumab,46,197.30564998331351,0.07696698097016318,0.026074615289548984,-1.1400000000000001
Satumomab,41,195.39684732419983,0.11684767003119274,0.039673144605795865,-0.7999999999999999
Secukinumab,55,249.68089690557082,0.12006179954447435,0.15615681345503452,2.2
Selicrelumab,53,205.83491216382896,0.022627474220212596,0.0,4.0
Semorinemab,50,225.46410506839243,0.081875516688098,0.02638715471637198,4.2
Semzuvolimab,49,178.1439103900965,0.09704097439186093,0.8618841418175338,-5.8
Serclutamab,43,156.72759992386023,0.1609688578467576,0.08669602070515706,1.0000000000000009
Seribantumab,51,243.18736232691893,0.028001940657317086,0.0,0.11000000000000011
Serplulimab,43,194.7990459785152,0.17221638787847096,0.03319211570844007,9.600000000000001
Setoxaximab,52,184.69577160801035,0.07114750546230968,0.07760268329563211,-8
Setrusumab,49,222.1954183744934,0.02310153393206385,0.37246606393104253,-4.680000000000001
Sibeprenlimab,51,221.79516498395432,0.820096456802067,0.20345567061253728,6.300000000000001
Sifalimumab,45,158.6964976133773,0.0,0.0,6
Siltuximab,45,213.38950829973618,0.0,0.0,0
Simaravibart,48,251.24671081962262,0.08853083316606691,0.6703814766380094,0.0
Simlukafusp,45,217.7905125963946,0.027190705572377273,0.0,2
Simridarlimab,42,177.83228921973358,0.2703669043342162,0.0,16.4
Simtuzumab,49,221.14121470514948,0.0006733390549763807,0.0383483803319125,6.6000000000000005
Sintilimab,47,171.99526694563167,0.0,0.6505450569245536,-2.79
Sirexatamab,46,210.9400183331979,0.0,0.18224758252161052,-0.7999999999999999
Sirtratumab,53,234.1413958841079,0.0,0.0,1.2100000000000002
Sirukumab,45,218.61254774580905,0.0,0.05061479539640825,0
Socazolimab,49,271.7043985781625,0.0,1.1311030703421983,0.8999999999999999
Sofituzumab,44,178.3926915916977,0.044152679544354756,0.06119260127956429,2.2
Solanezumab,45,216.98203367394393,0.06931282362346583,0.01791001098691684,0.0
Solitomab,52,194.33849311332474,0.003991842858882989,1.2012053037862598,-5.4
Sotevtamab,49,168.2368002314996,1.4460781905022964,0.2553823161540094,2.0
Sotigalimab,49,193.080327963905,0.18462578528245568,0.0,15
Sotrovimab,54,168.55128447968968,0.0,0.0,0.0
Spartalizumab,50,221.41845194492123,0.057493802775726285,0.675565066798016,-1.0
Spesolimab,47,188.47355146262356,0.5692275431628545,0.0,0.0
Stamulumab,43,199.63236163292817,0.0,1.303609907691131,3.9
Suciraslimab,50,209.44811058875163,0.1249989445890687,0.028362695313056595,-7.6
Sudubrilimab,45,190.6363730218978,0.12654174435427504,0.025946814908308156,2.3100000000000005
Sugemalimab,50,223.34587146959387,0.055246371667916315,0.19687200496475546,-1.9
Suptavumab,50,199.6802680310331,0.0912082541304069,1.236746090921973,0.0
Surzebiclimab,50,216.13413995445575,0.13081791241078766,0.19787824992355338,1
Sutimlimab,47,215.59868837602443,0.0319966658245632,0.0,12.4
Suvizumab,52,206.62740662429212,0.0,0.0,-1
Suvratoxumab,49,202.96365011401573,0.09676602626901412,0.260852376687123,0.4000000000000002
Tabalumab,50,186.16968188054574,0.0,0.0,12.4
Tabituximab,45,169.30404460754994,0.3161915543915897,0.07932947803182351,0.0
Tacatuzumab,44,174.99187429871967,0.06298461213536469,2.0332507056929234,6.510000000000001
Tadocizumab,47,185.39749036437246,0.005023523463654046,0.5621749660297072,0.0
Tafasitamab,53,213.1826639757359,0.004356534552311419,0.06257400601460696,-0.0
Tafolecimab,52,232.57223178045592,0.0,0.0,10
Tagitanlimab,47,188.7542345551766,0.040629646542082384,1.2011326499861708,4.0
Talacotuzumab,53,200.64424492838396,0.12770016112235139,0.0,-4.1
Talizumab,50,221.24507480215465,0.0,0.046104489223448196,0.20000000000000018
Talquetamab,45,156.34383055731757,0.09384807421575903,0.0,15.299999999999999
Tamgiblimab,49,193.08023047150166,0.06153216388347803,0.0,9.3
Tamrintamab,51,244.6611524650981,0.111674339458534,1.1477677392119403,-0.09999999999999998
Tamtuvetmab,49,209.17933111193082,0.49146535501350097,0.21795907058187405,6.820000000000001
Tanezumab,48,184.15357182516362,0.04464975034893524,0.0,6.4
Tarcocimab,51,197.20531393248262,0.005160006561566695,0.05661692932313525,0.2200000000000001
Tarextumab,43,213.05527598471997,0.10193326528332787,0.03602897622117492,3
Tarlatamab,46,168.60815360264274,0.0,0.0,2
Tavolimab,49,187.24237834103897,0.024073179797763217,0.029576512587391315,3.63
Tebentafusp,50,198.30039090720146,0.09496074739890606,0.1251776682354801,4
Tebotelimab,50,192.10940599708624,0.006155306353878274,0.6981404858299228,-0.18000000000000013
Tecaginlimab,49,169.40600702537932,0.004014750902973604,0.0,2.1
Teclistamab,50,240.90289207008857,0.0038594502480266803,1.5239846917780133,-3.8
Telazorlimab,45,180.788843955248,0.02521891275835986,0.49938104572288283,2.0
Telisotuzumab,49,209.20253329840745,0.15111947405578258,1.7838704237947869,-4.0
Temelimab,42,190.8432630218577,0.0,0.2677458079174419,0.0
Tenatumomab,53,229.24075584910645,0.01184072123467994,0.0,0.24000000000000024
Teneliximab,49,194.64366552677097,0.04734741296767217,0.03596420540992358,1.4300000000000004
Teplizumab,45,200.09950470440134,1.1012787620753635,1.1131877285765681,8.2
Tepoditamab,46,180.10522337914793,0.01926164103618667,0.03874390279892544,0.0
Teprotumumab,47,216.11771713755,0.22192677549553178,0.019009140087284743,4.0
Teropavimab,39,181.443322587012,1.2364865061299408,1.323576475483255,3.3000000000000003
Tesidolumab,45,214.39461055694954,0.01873237675925523,2.5315093045308616,12
Tesnatilimab,44,176.644464039395,0.0,2.243368450990168,-0.7999999999999998
Tezepelumab,51,218.0828750869104,0.6002798909211462,1.62215353671708,-2.09
Tibulizumab,50,189.62381120255034,0.0,0.0,8.4
Tidutamab,54,209.58717699059483,1.472833531419931,0.5649247863092834,-2
Tifcemalimab,52,239.68650191361175,0.7537381362506343,0.5071181748781717,2.2
Tigatuzumab,45,186.63826767604337,0.11692725846590968,0.058423293208550414,-2.1
Tilavonemab,46,239.2630548301108,0.556786653812492,2.1775226152810396,0.03000000000000004
Tildrakizumab,44,188.22172052312396,0.0,0.25440186868063613,0.0
Tilogotamab,44,172.47973732562912,0.02893650045942451,0.04461416808223184,6.510000000000001
Tilvestamab,51,224.0491611763373,0.20224422068488035,0.02641492941819048,0.0
Timigutuzumab,48,184.63317609795007,0.5156281116641243,0.0,6.2
Timolumab,44,215.2565359345761,0.027141500287121048,0.05507228422783924,0.0
Tinurilimab,45,173.756169643772,0.0,0.0,12.0
Tiragolumab,59,204.14230604516467,1.5167875083654234,0.0,0
Tirnovetmab,49,186.74939899009692,0.025116085953613927,2.305451893646051,-0.0
Tislelizumab,45,184.68245492990707,0.11154831948544772,0.08149574146193696,-2.7
Tisotumab,45,191.01648448554437,0.0,0.0,-3
Tixagevimab,53,186.70852792244148,0.0,0.052724121512499236,3.0
Tobemstomig,52,211.2516019636447,0.05685245494973022,0.5769094608048901,-0.0
Tobevibart,46,203.40278404077952,0.6875704372658997,0.2695589877276323,0.0
Tocilizumab,46,174.15651856316936,0.09464467413739631,0.02599952451058251,15.809999999999999
Tomaralimab,50,205.88890403120655,0.0,0.04724003818242781,0
Tomuzotuximab,46,195.3248820957176,0.025433704709629773,0.0,0.0
Toripalimab,58,262.74414210466034,0.0010994195182359027,1.1692075933437733,-6.08
Torudokimab,51,212.5896913226132,0.12565297534691938,0.0,2.3100000000000005
Tosatoxumab,53,199.74333541465,0.08050207760341732,0.0,4.3
Tovetumab,48,206.45648337525225,0.007058294997608058,0.028881686387304265,8.2
Tozorakimab,53,206.51588939076993,1.588479990509502,0.018234241265699926,0
Tralokinumab,51,252.2593344691939,0.0,1.54921551363563,-2.0
Trastuzumab,48,184.49642576487886,0.5218053010399203,0.0,6.2
Tregalizumab,56,242.233825471072,0.0,1.190666400263182,0.0
Tremelimumab,52,245.31186281997662,0.026415312901560344,0.05779765321333617,4.0
Trevogrumab,47,236.70450392083248,0.05422015084392855,0.2575537925141175,0
Trinbelimab,61,223.13314626056444,1.685140777641998,0.0,0.5000000000000004
Trontinemab,54,203.8960079999597,0.8771317419884362,0.03205214568916483,6.1
Tucotuzumab,42,219.89603616503672,0.0,0.0,2.0
Tulisokibart,42,198.6253310821998,0.9460965850458063,0.35132047893086105,0.0
Tuparstobart,49,184.68540200643218,0.0,0.567708620441589,-0.0
Tusamitamab,47,214.15884371474,0.0,0.10392254494948527,0.0
Tuvonralimab,45,190.86718600421526,0.18736728724701407,0.08729315024608564,2.0
Ubamatamab,45,203.15374502818918,0.14753089073083642,0.03217460277913463,15
Ublituximab,44,204.259965586319,0.0,0.0,6.300000000000001
Ulenistamab,53,222.15983736917627,2.751605043149355,0.07115479648874132,12.0
Uliledlimab,46,212.45760109393524,0.025317221220159707,0.5115148762292865,6.0
Ulocuplumab,52,216.13838971768575,0.40433686372948746,0.0,2
Ulviprubart,51,184.3233343068099,0.0,0.0,0.0
Umesolerbart,46,187.38036916137025,1.1683480433591509,0.3162078198990575,-6.0
Unasnemab,43,197.87835870419264,0.2819223302176532,0.024500611377578446,3.4100000000000006
Upanovimab,52,216.79804573091977,0.02662350941743579,0.2492028934910286,-6
Upifitamab,46,192.1636366149443,0.0,0.027846708645754142,0.0
Urabrelimab,51,215.71872179750636,0.3121588882561413,0.6288892030606348,0.0
Urelumab,50,209.10823669004782,0.01840423901431021,0.0,-0.9
Urtoxazumab,46,190.25447335494079,0.0,0.02320286746130874,1.0
Ustekinumab,46,186.31013765082076,0.05194403588871651,0.0,6
Utomilumab,45,198.91108997873704,0.14716705900699786,0.22105028327322343,-3.0
Vadastuximab,44,169.88454923472463,0.36576707959308336,3.2684066663431426,-1
Valanafusp,40,190.9880022425038,0.0,0.0,-3.1
Vandortuzumab,57,206.05302006984033,0.06346759491291683,0.19042956483408335,0
Vantictumab,46,205.9226528895914,0.03844031959185736,0.345288435191977,-0.19999999999999996
Vanucizumab,58,209.845440978925,0.026858202018677748,2.2974552075583023,-5.8
Varisacumab,53,193.94659323647323,0.0,2.6558280279357676,-16
Varlilumab,46,189.2070609068149,0.16728427153073164,0.10619441805786341,3.0
Varokibart,46,233.52227890920187,0.02505061764987267,1.5003083476878656,-5.579999999999999
Vatelizumab,45,221.13330977617017,0.188265136079809,0.0,-4.0
Vedolizumab,54,225.6641683778301,0.03340252761253879,0.9886487313692356,-4.2
Veltuzumab,47,221.24223099248582,0.0,0.5621877905741692,0.0
Vepsitamab,47,198.0909735445981,0.4573860371493234,0.21455793437119824,-5
Vesencumab,51,208.44790185911137,0.11859451951304432,0.03375279734870343,0
Vibecotamab,53,224.097091189263,0.217717914670022,0.0,0.0
Vibostolimab,46,188.4636324857983,0.0,0.12182108688677701,0.0
Vilamakitug,51,194.94945621534362,0.05629849699374107,1.3019761309335123,-3.9
Vilobelimab,50,183.67926038690712,0.02209674973292049,1.1089513011219998,1.9
Visilizumab,46,185.10287064428246,1.1667668890404186,0.22451068559866844,4.4
Visugromab,45,173.45167274438347,0.0,0.0,9.0
Vixarelimab,57,225.6413123061817,1.1461075280730542,0.2063475665888439,0.0
Vixtimotamab,53,214.1257824945891,1.2696693642807453,0.0,6
Vobramitamab,46,204.77753892311088,0.0,0.17323449743256675,0.0
Vofatamab,54,204.80596752797038,0.0,0.8583671172243135,-3.3000000000000003
Volagidemab,55,232.0465180413221,0.26429527152920307,0.1156665944506924,9.3
Volociximab,52,216.8998878832016,0.5932715676086486,0.04661696250900801,3.3000000000000003
Volrustomig,52,246.73471549268024,0.026342909956238423,0.05775545134403855,4.0
Vonlerolizumab,44,172.48909119104223,0.24261406143248507,0.26060353198594743,-8.2
Vopratelimab,48,219.0614851226149,0.15737667630274194,1.44316422130975,0.0
Vorsetuzumab,50,201.87284468376407,0.0,0.0,0.0
Voxalatamab,51,210.10041961640803,0.0,0.3366891456019524,0.0
Vudalimab,47,218.32789728147065,0.21342718039231642,0.028082433204106593,6.0
Vulinacimab,50,240.50593103603347,0.03207118403972141,0.0,9.610000000000001
Vunakizumab,49,189.8872257984832,0.47050526787748986,0.5271769494551753,-6.0
Xaluritamig,47,181.56280089892405,0.0,0.07045074812916075,0.0
Xeligekimab,54,236.50426882807994,0.059297367625580716,1.8685194915637569,-6.09
Xentuzumab,48,205.43671125997957,1.176210567297884,0.020159358453299765,0.0
Zagotenemab,48,215.6305096399794,0.07817349938521512,0.1589972158143027,4.4
Zalifrelimab,46,248.49070064542428,0.0,0.0,2
Zalutumumab,52,193.93571108049034,0.13441153828545938,1.3210033441779796,3.0
Zamerovimab,48,170.7313358181559,0.022215380297747552,0.0,4
Zampilimab,41,204.47637425874888,0.26139761919782384,1.3916321088030976,0.0
Zanidatamab,46,177.6421917428235,0.13247205968162637,0.0,6
Zanolimumab,42,157.27852090959126,0.0018181313178230228,0.023895718614255258,6.510000000000001
Zansecimab,48,169.47904569288573,0.15872633531499097,0.3623653366233094,-2.0
Zelminemab,47,205.07468649829002,0.2928927766856509,0.042858273207163684,6.0
Zeluvalimab,47,195.40837448506863,0.05342928246661262,0.0,-1.8
Zenocutuzumab,52,194.54448659718472,0.11885650117123887,0.0,10.4
Zeripatamig,45,180.46190173094953,0.07135143860991712,0.04157831531137745,6.1
Zifibancimig,44,208.85601517256492,0.1962299866878264,1.5215732312467072,0.40000000000000013
Zigakibart,48,201.9118781966152,0.04158021039582821,0.06633088582298632,4.0
Zilovertamab,43,165.4131441776999,0.0,0.30718083552187714,0.9
Ziltivekimab,46,222.70704974551407,0.043924215318567286,1.1573920380819804,-1.8
Zimberelimab,54,228.52849429021623,0.07929186208286393,0.0,-8.7
Zolbetuximab,51,185.62616565164535,0.052886845728769116,0.0,2
Zuberitamab,48,208.33837070890945,0.0,0.17170470047230288,2.0
